{
   "1_3_6": [
      125.338501,
      43.947061
   ],
   "1_2_3": [
      125.335652,
      43.938582
   ],
   "1_1_4": [
      125.330157,
      43.942242
   ],
   "3_2_3": [
      125.315029,
      43.917329
   ],
   "4_3_1": [
      125.340022,
      43.922838
   ],
   "1_1_5": [
      125.330962,
      43.943927
   ],
   "4_5_0": [
      125.348743,
      43.927131
   ],
   "2_0_1": [
      125.323462,
      43.932292
   ],
   "1_2_9": [
      125.335225,
      43.955671
   ],
   "2_4_5": [
      125.308444,
      43.945504
   ],
   "2_3_4": [
      125.310552,
      43.940665
   ],
   "4_1_1": [
      125.332094,
      43.924545
   ],
   "1_1_0": [
      125.330305,
      43.930291
   ],
   "1_1_10": [
      125.333224,
      43.959022
   ],
   "1_1_3": [
      125.331381,
      43.938287
   ],
   "2_7_5": [
      125.296362,
      43.944073
   ],
   "2_9_12": [
      125.28819,
      43.965922
   ],
   "4_3_8": [
      125.339995,
      43.903415
   ],
   "4_2_1": [
      125.333832,
      43.92431
   ],
   "1_3_4": [
      125.339276,
      43.940813
   ],
   "1_5_0": [
      125.348818,
      43.929997
   ],
   "1_10_1": [
      125.368401,
      43.93145
   ],
   "1_2_6": [
      125.334228,
      43.948928
   ],
   "1_7_5": [
      125.356426,
      43.943738
   ],
   "1_0_2": [
      125.327292,
      43.935345
   ],
   "2_2_9": [
      125.31597,
      43.955714
   ],
   "4_6_0": [
      125.34976,
      43.926805
   ],
   "1_0_6": [
      125.326851,
      43.947109
   ],
   "2_4_7": [
      125.307047,
      43.951043
   ],
   "3_0_0": [
      125.324051,
      43.926208
   ],
   "2_5_3": [
      125.304162,
      43.93866
   ],
   "3_18_6": [
      125.250313,
      43.909268
   ],
   "4_6_1": [
      125.350559,
      43.92236
   ],
   "4_2_6": [
      125.33571,
      43.908058
   ],
   "2_2_7": [
      125.316244,
      43.95193
   ],
   "2_9_8": [
      125.288964,
      43.95463
   ],
   "1_1_1": [
      125.32995,
      43.93122
   ],
   "1_4_3": [
      125.343155,
      43.938845
   ],
   "1_2_1": [
      125.335912,
      43.932328
   ],
   "2_1_2": [
      125.319368,
      43.934944
   ],
   "2_6_9": [
      125.300672,
      43.956871
   ],
   "4_3_2": [
      125.338823,
      43.921178
   ],
   "1_2_4": [
      125.33502,
      43.941682
   ],
   "4_8_1": [
      125.359258,
      43.924393
   ],
   "1_2_10": [
      125.33481,
      43.960083
   ],
   "1_1_8": [
      125.332774,
      43.954984
   ],
   "1_3_1": [
      125.340908,
      43.932803
   ],
   "1_2_5": [
      125.334992,
      43.943573
   ],
   "4_2_2": [
      125.336061,
      43.92137
   ],
   "1_2_7": [
      125.333705,
      43.949346
   ],
   "2_1_8": [
      125.320406,
      43.952936
   ],
   "3_4_1": [
      125.309501,
      43.923371
   ],
   "2_7_4": [
      125.296899,
      43.94088
   ],
   "1_7_3": [
      125.357022,
      43.939454
   ],
   "4_4_2": [
      125.343038,
      43.920405
   ],
   "4_0_2": [
      125.32686,
      43.920097
   ],
   "3_1_1": [
      125.320613,
      43.922281
   ],
   "1_5_3": [
      125.345958,
      43.937504
   ],
   "4_6_2": [
      125.350546,
      43.920092
   ],
   "2_0_3": [
      125.324188,
      43.93716
   ],
   "4_5_2": [
      125.347039,
      43.920664
   ],
   "2_4_2": [
      125.307251,
      43.935417
   ],
   "2_4_4": [
      125.30608,
      43.940701
   ],
   "2_2_3": [
      125.315254,
      43.937385
   ],
   "2_6_5": [
      125.300016,
      43.944431
   ],
   "2_6_4": [
      125.298724,
      43.942621
   ],
   "4_1_2": [
      125.331572,
      43.920067
   ],
   "2_8_5": [
      125.29195,
      43.943621
   ],
   "4_11_14": [
      125.370651,
      43.883343
   ],
   "1_0_0": [
      125.329202,
      43.930891
   ],
   "4_3_4": [
      125.338554,
      43.914914
   ],
   "1_1_9": [
      125.332936,
      43.956358
   ],
   "2_8_6": [
      125.291287,
      43.946914
   ],
   "2_0_2": [
      125.323118,
      43.935165
   ],
   "1_0_5": [
      125.327329,
      43.944123
   ],
   "1_11_2": [
      125.371941,
      43.934629
   ],
   "2_8_2": [
      125.289599,
      43.936931
   ],
   "4_13_0": [
      125.381067,
      43.926559
   ],
   "1_4_1": [
      125.342824,
      43.932506
   ],
   "1_3_0": [
      125.340134,
      43.930396
   ],
   "2_1_1": [
      125.31872,
      43.932199
   ],
   "2_3_11": [
      125.313452,
      43.963358
   ],
   "3_2_4": [
      125.316501,
      43.913713
   ],
   "2_1_7": [
      125.317854,
      43.950478
   ],
   "4_5_4": [
      125.348077,
      43.916078
   ],
   "2_0_4": [
      125.322953,
      43.942782
   ],
   "2_10_4": [
      125.283942,
      43.941898
   ],
   "3_4_0": [
      125.306138,
      43.9255
   ],
   "4_3_0": [
      125.339723,
      43.925642
   ],
   "1_4_6": [
      125.344333,
      43.948383
   ],
   "1_1_6": [
      125.330708,
      43.947796
   ],
   "3_7_2": [
      125.297457,
      43.920041
   ],
   "2_11_2": [
      125.278864,
      43.936033
   ],
   "2_7_2": [
      125.296991,
      43.935704
   ],
   "1_3_3": [
      125.338893,
      43.938939
   ],
   "2_6_3": [
      125.299814,
      43.938906
   ],
   "4_4_1": [
      125.343204,
      43.923114
   ],
   "3_2_6": [
      125.31628,
      43.907517
   ],
   "1_5_1": [
      125.347809,
      43.93212
   ],
   "3_4_2": [
      125.308482,
      43.920283
   ],
   "1_2_0": [
      125.335835,
      43.930323
   ],
   "4_6_3": [
      125.352981,
      43.917447
   ],
   "4_11_0": [
      125.370851,
      43.925256
   ],
   "2_5_5": [
      125.302644,
      43.94392
   ],
   "3_9_13": [
      125.286374,
      43.887531
   ],
   "4_5_3": [
      125.346361,
      43.916892
   ],
   "2_2_8": [
      125.316158,
      43.953785
   ],
   "1_5_2": [
      125.347127,
      43.934324
   ],
   "1_0_3": [
      125.32926,
      43.939946
   ],
   "2_12_2": [
      125.275625,
      43.935187
   ],
   "4_0_0": [
      125.32696,
      43.926252
   ],
   "4_0_1": [
      125.327717,
      43.922686
   ],
   "2_0_0": [
      125.323555,
      43.930705
   ],
   "3_1_0": [
      125.320681,
      43.927217
   ],
   "2_5_14": [
      125.30463,
      43.971832
   ],
   "3_0_2": [
      125.321652,
      43.921036
   ],
   "1_0_7": [
      125.325992,
      43.951163
   ],
   "2_11_3": [
      125.279659,
      43.937653
   ],
   "2_13_8": [
      125.272379,
      43.954808
   ],
   "2_2_10": [
      125.316737,
      43.960774
   ],
   "2_9_0": [
      125.287531,
      43.930838
   ],
   "2_1_10": [
      125.319142,
      43.959564
   ],
   "3_2_1": [
      125.317062,
      43.924913
   ],
   "2_5_6": [
      125.30317,
      43.947787
   ],
   "2_6_7": [
      125.300731,
      43.951253
   ],
   "3_12_11": [
      125.276076,
      43.89465
   ],
   "2_1_3": [
      125.319182,
      43.939749
   ],
   "2_4_3": [
      125.30676,
      43.938212
   ],
   "1_4_4": [
      125.342049,
      43.941614
   ],
   "1_1_2": [
      125.3315,
      43.93634
   ],
   "1_4_7": [
      125.344367,
      43.950086
   ],
   "2_7_8": [
      125.296614,
      43.95481
   ],
   "4_6_11": [
      125.353036,
      43.892623
   ],
   "1_15_5": [
      125.388363,
      43.945234
   ],
   "1_8_1": [
      125.359498,
      43.931585
   ],
   "1_7_0": [
      125.354454,
      43.930081
   ],
   "4_2_4": [
      125.337348,
      43.91523
   ],
   "2_2_12": [
      125.316188,
      43.966574
   ],
   "4_5_1": [
      125.347861,
      43.923777
   ],
   "2_1_4": [
      125.318606,
      43.940348
   ],
   "1_4_5": [
      125.344288,
      43.945356
   ],
   "1_4_0": [
      125.342035,
      43.929959
   ],
   "2_5_11": [
      125.302151,
      43.96326
   ],
   "1_6_15": [
      125.350622,
      43.97606
   ],
   "4_7_0": [
      125.354942,
      43.926094
   ],
   "1_6_1": [
      125.353404,
      43.932103
   ],
   "1_3_7": [
      125.341147,
      43.950774
   ],
   "3_6_2": [
      125.301201,
      43.919681
   ],